{"cameraMode":{"drawMode":0,"name":"Shaded","section":"Shading Mode"},"sceneLighting":true,"audioPlay":false,"sceneViewState":{"showFog":true,"showMaterialUpdate":false,"showSkybox":true,"showFlares":true,"showImageEffects":true,"showParticleSystems":true},"in2DMode":false,"pivot":{"x":0.002973198890686035,"y":0.8056986331939697,"z":28.272829055786134},"rotation":{"x":-0.1609131246805191,"y":0.7730721831321716,"z":-0.21671107411384583,"w":-0.5740245580673218},"size":44.1353874206543,"orthographic":false}